{
  "plot-type": ["line", "line"],
  "title": "Approximation of Drag Coefficient",
  "label_title_x": "Time (Hrs)",
  "label_title_y": "Drag",
  "line_names": ["Drag estimation", "Drag coefficient"],
  "legend": true,
  "grid": true,
  "pens": [{"color": [255, 255, 255], "width": 5}, {"color": [0, 134, 193], "width": 5}],
  "symbols": [["+", 2], ["o", 2]],
  "x-lim": "None",
  "y-lim": "None",
  "label_style": {"color": "black", "font-size": "15px"},
  "title_style": {"color": "black", "font-size": "20px"},
  "array-limit": 100,
  "hide-axes": false
}