{
  "plot-type": ["line","scatter", "scatter", "scatter"],
  "title": "Satellite Position",
  "label_title_x": "X Position (Km)",
  "label_title_y": "Y Position (Km)",
  "line_names": ["True measurement", "Radar Measurements", "X_prior", "X_post"],
  "legend": true,
  "grid": false,
  "pens": [{"color": [255, 255, 255], "width": 2},{"color": [255, 0, 0], "width": 1}, {"color": [0, 255, 0], "width":1}, {"color": [0, 0, 255], "width": 1}],
  "brushes": [{"color":  [255, 255, 255]},{"color":  [255, 0, 0]}, {"color":  [0, 255, 0]}, {"color":  [0, 0, 255]}],
  "symbols": [["+", 2], ["+", 3], ["o", 1], ["o", 1]],
  "x-lim": "None",
  "y-lim": "None",
  "label_style": {"color": "black", "font-size": "15px"},
  "title_style": {"color": "black", "font-size": "20px"},
  "array-limit": 50,
  "hide-axes": false
}