{
  "plot-type": ["line", "scatter", "scatter"],
  "title": "Prior Post Measurements",
  "label_title_x": "X",
  "label_title_y": "Y",
  "line_names": ["Radar Measurements", "X_prior", "X_post"],
  "legend": true,
  "grid": false,
  "pens": [{"color": [255, 0, 0], "width": 5}, {"color": [0, 255, 0], "width":1}, {"color": [0, 0, 255], "width": 1}],
  "brushes": [{"color":  [255, 0, 0]}, {"color":  [0, 255, 0]}, {"color":  [0, 0, 255]}],
  "symbols": [["+", 2], ["o", 2], ["o", 4]],
  "x-lim": [-1e7, 1e7],
  "y-lim": [-1e7, 1e7],
  "label_style": {"color": "black", "font-size": "15px"},
  "title_style": {"color": "black", "font-size": "20px"}
}