{
  "plot-type": ["line"],
  "title": "Live Satellite Position (Red: no obvs, green: obvs)",
  "label_title_x": "X Position (Km)",
  "label_title_y": "Y Position (Km)",
  "line_names": ["sat pos"],
  "legend": false,
  "grid": false,
  "pens": [{"color": [255, 255, 255], "width": 5}],
  "symbols": [["o", 1]],
  "x-lim": "None",
  "y-lim": "None",
  "label_style": {"color": "black", "font-size": "15px"},
  "title_style": {"color": "black", "font-size": "20px"},
  "array-limit": 100,
  "hide-axes": false
}